{
  "notification" : [ null, {
    "notificationDesc" : "Desc about exam and other details",
    "notificationTitle" : "Test-1"
  }, {
    "notificationDesc" : "Desc about test 2 and other details",
    "notificationTitle" : "Test-2"
  } ],
  "questions" : [ null, {
    "answer" : "B.C. Matthews Hall",
    "option1" : "B.C. Matthews Hall",
    "option2" : "Carl A. Pollock Hall",
    "option3" : "I.L. Neilson Hall",
    "option4" : "Douglas Wright Engineering Building",
    "question" : "The University of Waterloo does NOT have a building of this name?"
  }, {
    "answer" : "largest railway station",
    "option1" : "longest railway station",
    "option2" : "highest railway station",
    "option3" : "largest railway station",
    "option4" : "None of the above",
    "question" : " \t  Grand Central Terminal, Park Avenue, New York is the world's"
  }, {
    "answer" : "1967",
    "option1" : "1961",
    "option2" : "1968",
    "option3" : "1958",
    "option4" : "1967",
    "question" : "First human heart transplant operation conducted by Dr. Christiaan Barnard on Louis Washkansky, was conducted in"
  }, {
    "answer" : "Fiji",
    "option1" : "USA",
    "option2" : "Fiji",
    "option3" : "India",
    "option4" : "UK",
    "question" : "Golf player Vijay Singh belongs to which country?"
  }, {
    "answer" : "Khajuraho temples",
    "option1" : "Khajuraho temples",
    "option2" : "Jama Masjid",
    "option3" : "Sun temple",
    "option4" : "Mahabalipuram temples",
    "question" : "Famous sculptures depicting art of love built some time in 950 AD - 1050 AD are"
  } ],
  "users" : {
    "112008388095060011235" : {
      "id" : "112008388095060011235",
      "mail" : "prasadthegreat799@gmail.com",
      "marks" : "2",
      "name" : "Neela prasad",
      "profilepic" : "https://lh3.googleusercontent.com/a-/AOh14GjiNmABhfA6fpd5rkvcWko7JxvxYCVM7eZQ0zHcdQ=s96-c"
    }
  }
}
